id,name,faction,set,type,crosses,crossesRaw,crossesIsWhite,crossesKind,faith,faithRaw,faithKind,strength,effectText
CRI_acqua,Acqua,Cristianesimo,CRI-1,Artefatto,2,2,False,numeric,3,3,numeric,,I tuoi santi sono immuni alle maledizioni che causano la loro morte.
CRI_altare_dei_sette_sigilli,Altare dei Sette Sigilli,Cristianesimo,CRI-1,Edificio,7,7,False,numeric,9,9,numeric,,"Ogni volta che un tuo santo viene distrutto (in battaglia o per effetto di una carta) o giochi una carta ""Sigillo"", aggiungi 1 Segnalino Sigillo a questa carta. Puoi rimuovere un numero di Segnalini Sigillo pari alle Croci della carta (tua o avversaria) il cui effetto sta per distruggere questa carta: annulla quell’effetto e questa carta non viene distrutta. Se questa carta lascia il campo, rimuovi tutti i Segnalini Sigillo."
CRI_araldo_della_fine,Araldo della Fine,Cristianesimo,CRI-1,Santo,6,6,False,numeric,5,5,numeric,4,"Se Altare dei Sette Sigilli è presente sul campo e ha almeno 7 Sigilli, questo santo ottiene +5 forza. Quando questo santo viene distrutto in battaglia o per effetto di una carta, aggiungi 3 Sigilli all Altare."
CRI_arca_della_salvezza,Arca della salvezza,Cristianesimo,CRI-1,Maledizione,8,8,False,numeric,,,numeric,,Scegli due santi sul terreno. Distruggi tutti gli altri.
CRI_aria,Aria,Cristianesimo,CRI-1,Artefatto,2,2,False,numeric,3,3,numeric,,Ottieni +1 ispirazione ogni turno finchè questa carta è sul terreno.
CRI_ascensione,Ascensione,Cristianesimo,CRI-1,Benedizione,5,5,False,numeric,,,numeric,,Cerca un santo nel tuo cimitero e aggiungilo alla tua mano.
CRI_biblioteca_apostolica,Biblioteca Apostolica,Cristianesimo,CRI-1,Edificio,8,8,False,numeric,8,8,numeric,,Aggiungi un segnalino contatore a questa carta ogni volta che giochi una benedizione o una maledizione. Consuma 3 segnalini per cercare nel reliquiario una benedizione o maledizione e aggiungila alla tua mano.
CRI_biblioteca_d_oro,Biblioteca d'Oro,Cristianesimo,CRI-1,Edificio,4,4,False,numeric,5,5,numeric,,"Ogni volta che giochi una benedizione, pesca una carta. Se è un santo, scomunicalo. Se è un artefatto o edificio, rimetti la carta nel mazzo. Se è una benedizione o maledizione, tienila in mano."
CRI_brigante,Brigante,Cristianesimo,CRI-1,Santo,6,6,False,numeric,,0,numeric,3,"Sacrifica un tuo santo per poterlo giocare. Aggiungi la fede iniziale del santo sacrificato a quella di questo santo. Entrambe le carte, alla loro morte, non faranno accumulare peccato."
CRI_campana,Campana,Cristianesimo,CRI-1,Artefatto,10,10,False,numeric,10,10,numeric,,"Aggiungi un segnalino contatore a questa carta all'inizio di ogni tuo turno. Puoi attivare l'effetto di questa carta rimuovendo qualsiasi numero di segnalini accumulati. Il costo in ispirazione per attivare questo effetto è pari al numero di segnalini rimossi. Per ogni segnalino rimosso, aumenta la fede di tutti i tuoi santi presenti sul campo di 1. "
CRI_canti_religiosi,Canti Religiosi,Cristianesimo,CRI-1,Artefatto,5,5,False,numeric,6,6,numeric,,"Scegli uno dei seguenti: Riprendi un santo dal cimitero alla tua mano e distruggi questa carta. Annulla il primo attacco che ricevi questo turno, se non hai santi presenti sul terreno."
CRI_chiesa,Chiesa,Cristianesimo,CRI-1,Edificio,9,9,False,numeric,8,8,numeric,,Tutti i tuoi santi sul campo guadagnano 2 fede per ogni carta che peschi.
CRI_cronologia_sacra,Cronologia Sacra,Cristianesimo,CRI-1,Benedizione,7,7,False,numeric,,,numeric,,Manda tutte le carte dalla tua mano al cimitero. Pesca 5 carte.
CRI_custode_dei_sigilli,Custode dei Sigilli,Cristianesimo,CRI-1,Santo,5,5,False,numeric,6,6,numeric,2,"Quando entra in campo, se Altare dei Sette Sigilli è presente sul campo, aggiungi ad esso 2 Sigilli. Per ogni 6 Sigilli presenti sull'Altare, questo santo ottiene +3 forza e +3 fede."
CRI_custode_della_creazione,Custode della Creazione,Cristianesimo,CRI-1,Santo,10,10,False,numeric,30,30,numeric,,"Per evocare questo santo è necessario scomunicare dal tuo cimitero una copia di ""Giorno 1"", ""Giorno 2"", ""Giorno 3"", ""Giorno 4"", ""Giorno 5"", ""Giorno 6"" e ""Giorno 7"". Non può essere targettato da effetti."
CRI_dio_il_creatore,"Dio, il Creatore",Cristianesimo,CRI-1,Santo,,White,True,white,25,25,numeric,10,"Puoi evocare questa carta dal reliquiario o dalla mano solo se ""Aria"", ""Fuoco"", ""Terra"" e ""Acqua"" sono sul campo; distruggi queste quattro carte quando la evochi. Ogni santo avversario sconfitto ti fa rimuovere dal peccato un valore pari alla sua fede iniziale."
CRI_elemosina,Elemosina,Cristianesimo,CRI-1,Maledizione,7,7,False,numeric,,,numeric,,"Sposta un tuo santo dal tuo terreno a quello avversario per un turno. Alla morte del santo, il giocatore che lo controlla in quel momento guadagna i punti peccato."
CRI_frate_curatore,Frate Curatore,Cristianesimo,CRI-1,Santo,3,3,False,numeric,3,3,numeric,3,"Finchè sul terreno, ogni carta pescata dal tuo avversario conferirà +1 fede a tutti i tuoi santi presenti sul campo."
CRI_fuoco,Fuoco,Cristianesimo,CRI-1,Artefatto,2,2,False,numeric,3,3,numeric,,"Alla fine di ogni turno, tutti i santi sul campo con rarità pari o superiore a 4 croci perderanno 2 di fede. Se la fede di un santo raggiunge 0, esso verrà distrutto."
CRI_genesi_compimento,Genesi: Compimento,Cristianesimo,CRI-1,Benedizione,,White,True,white,,,numeric,,"L'attivazione e risoluzione di questa carta non possono essere interrotte. Questo effetto è attivabile solo se ""Custode della Creazione"" è presente sul tuo lato di campo. Vinci il duello."
CRI_giorno_1_cieli_e_terra,Giorno 1: Cieli e Terra,Cristianesimo,CRI-1,Benedizione,5,5,False,numeric,,,numeric,,Posiziona un artefatto dalla tua mano al terreno pagando metà costo di ispirazione.
CRI_giorno_2_cielo_terrestre,Giorno 2: Cielo Terrestre,Cristianesimo,CRI-1,Benedizione,5,5,False,numeric,,,numeric,,Nessun santo può attaccare il turno in cui questa carta è stata attivata.
CRI_giorno_3_terre_e_mari,Giorno 3: Terre e Mari,Cristianesimo,CRI-1,Maledizione,4,4,False,numeric,,,numeric,,Scegli un santo in difesa sul tuo terreno e scambialo con un santo in attacco.
CRI_giorno_4_stelle,Giorno 4: Stelle,Cristianesimo,CRI-1,Benedizione,4,4,False,numeric,,,numeric,,"Guarda le prime 3 carte del reliquiario, e rimettile in cima nello stesso ordine. Una volta fatto, puoi scegliere se mischiare il reliquiario."
CRI_giorno_5_creature_del_mare,Giorno 5: Creature del Mare,Cristianesimo,CRI-1,Santo,3,3,False,numeric,6,6,numeric,2,Può attaccare solo se la tua ispirazione rimanente è superiore a 2.
CRI_giorno_6_creature_di_terra,Giorno 6: Creature di Terra,Cristianesimo,CRI-1,Santo,3,3,False,numeric,3,3,numeric,3,Può attaccare solo se la tua ispirazione rimanente è inferiore a 5.
CRI_giorno_7_riposo,Giorno 7: Riposo,Cristianesimo,CRI-1,Maledizione,5,5,False,numeric,,,numeric,,Scegli un santo sul terreno avversario. Esso non potrà attaccare durante il prossimo turno.
CRI_giorno_festivo,Giorno Festivo,Cristianesimo,CRI-1,Benedizione,2,2,False,numeric,,,numeric,,"Puoi avere massimo 3 copie di ""Giorno Festivo"" nel tuo reliquiario. Finchè questa carta è attiva non si possono effettuare attacchi. L'effetto di questa carta si interrompe quando un giocatore pesca una carta."
CRI_giudizio_universale,Giudizio Universale,Cristianesimo,CRI-1,Maledizione,10,10,False,numeric,,,numeric,,Riporta tutte le carte dai cimiteri ai rispettivi reliquiari e mischiali.
CRI_guerriero_santificato,Guerriero Santificato,Cristianesimo,CRI-1,Santo,4,4,False,numeric,5,5,numeric,3,Può attaccare nuovamente scartando una carta dalla mano al cimitero.
CRI_impostore,Impostore,Cristianesimo,CRI-1,Santo,2,2,False,numeric,2,2,numeric,4,Questa carta non ha costo di evocazione se non sono presente santi sul tuo terreno.
CRI_martire_esiliato,Martire Esiliato,Cristianesimo,CRI-1,Santo,5,5,False,numeric,5,5,numeric,6,Rimuovi 2 peccato ogni volta che questo santo effettua un attacco.
CRI_mela_del_peccato,Mela del Peccato,Cristianesimo,CRI-1,Benedizione,6,6,False,numeric,,,numeric,,"Equipaggia questa carta ad un santo: aumenta la sua fede di 15. Quando esso verrà sconfitto o distrutto per effetti di carte, il possessore del santo subirà il doppio del peccato e questa carta verrà scomunicata."
CRI_missionario,Missionario,Cristianesimo,CRI-1,Santo,5,5,False,numeric,6,6,numeric,,"Puoi giocarlo sul campo avversario. Non può essere attaccato. Perde 3 fede a ogni turno. Quando muore per questo effetto, infliggi 6 punti peccato al giocatore che lo controllava e rimetti questo santo nel suo reliquiario d'origine, mescolandolo successivamente."
CRI_moribondo,Moribondo,Cristianesimo,CRI-1,Santo,2,2,False,numeric,1,1,numeric,2,Puoi scomunicare questa carta dalla tua mano per annullare la distruzione di un tuo santo.
CRI_offerta_ai_sigilli,Offerta ai Sigilli,Cristianesimo,CRI-1,Benedizione,4,4,False,numeric,,,numeric,,"Distruggi un tuo santo. Se Altare dei Sette Sigilli è presente sul campo, aggiungi 2 Sigilli ad esso. Pesca una carta."
CRI_paladino_corrotto,Paladino Corrotto,Cristianesimo,CRI-1,Santo,2,2,False,numeric,6,6,numeric,3,"Se ""Paladino della Fede"" è sul terreno quando questa carta viene evocata, distruggilo e scomunicalo (rimuovilo dal gioco). Poi pesca una carta."
CRI_paladino_della_fede,Paladino della Fede,Cristianesimo,CRI-1,Santo,4,4,False,numeric,4,4,numeric,3,"Quando viene messo in campo, puoi invertire la posizione di un santo in attacco con uno di difesa."
CRI_papa,Papa,Cristianesimo,CRI-1,Santo,8,8,False,numeric,10,10,numeric,6,Può essere bersagliato da attacchi nemici solo se non hai altri santi in zona d’attacco.
CRI_pellegrinaggio_forzato,Pellegrinaggio Forzato,Cristianesimo,CRI-1,Maledizione,5,5,False,numeric,,,numeric,,Scambia i santi in attacco dell'avversario con quelli in difesa.
CRI_perdono,Perdono,Cristianesimo,CRI-1,Benedizione,3,3,False,numeric,,,numeric,,"Rimetti nel tuo reliquiario una carta scomunicata. Dopo l'attivazione, rimetti questa carta nel reliquiario e mischialo."
CRI_preghiera,Preghiera,Cristianesimo,CRI-1,Benedizione,4,4,False,numeric,,,numeric,,Rimuovi 5 punti peccato.
CRI_prete_anziano,Prete Anziano,Cristianesimo,CRI-1,Santo,1,1,False,numeric,1,1,numeric,3,Rimuovi 3 peccato ogni volta che questo santo effettua un attacco.
CRI_primo_sigillo,Primo Sigillo,Cristianesimo,CRI-1,Benedizione,3,3,False,numeric,,,numeric,,"Se controlli Altare dei Sette Sigilli, aggiungi 2 Segnalini Sigillo ad esso, altrimenti cercalo nel reliquiario e aggiungilo alla tua mano. Mischia il reliquiario."
CRI_processione,Processione,Cristianesimo,CRI-1,Benedizione,2,2,False,numeric,,,numeric,,"Guarda la prima carta del mazzo. Se è un santo, pescala e puoi giocare nuovamente questa benedizione. Altrimenti, termina l’effetto e scomunica la carta."
CRI_profanatore,Profanatore,Cristianesimo,CRI-1,Santo,6,6,False,numeric,4,4,numeric,4,"Quando questa carta viene giocata, puoi riprendere un artefatto dal tuo cimitero e aggiungerlo alla mano. Scomunica questa carta alla sua morte."
CRI_proibizione_cristiana,Proibizione Cristiana,Cristianesimo,CRI-1,Maledizione,1,1,False,numeric,,,numeric,,Annulla l'attivazione dell'effetto di un santo.
CRI_quarto_sigillo_morte,Quarto Sigillo: Morte,Cristianesimo,CRI-1,Maledizione,7,7,False,numeric,,,numeric,,"Scegli un santo: la sua fede diventa 1. Se Altare dei Sette Sigilli è presente sul campo ed ha almeno 5 Sigilli, distruggilo invece."
CRI_rifugio_sacro,Rifugio Sacro,Cristianesimo,CRI-1,Artefatto,3,3,False,numeric,3,3,numeric,,Ogni danno inferiore a 3 subito dai tuoi santi viene completamente annullato.
CRI_sacri_vasi,Sacri Vasi,Cristianesimo,CRI-1,Benedizione,8,8,False,numeric,,,numeric,,Rimuovi 10 punti peccato.
CRI_sacrificio,Sacrificio,Cristianesimo,CRI-1,Benedizione,3,3,False,numeric,,,numeric,,"Puoi avere fino a 4 copie di ""Sacrificio"" nel reliquiario. Scarta una carta e pescane due."
CRI_secondo_sigillo_guerra,Secondo Sigillo: Guerra,Cristianesimo,CRI-1,Maledizione,5,5,False,numeric,,,numeric,,"Distruggi un santo con forza pari o superiore a 4. Se Altare dei Sette Sigilli ha almeno 3 Sigilli, distruggi invece due santi."
CRI_settimo_sigillo,Settimo Sigillo,Cristianesimo,CRI-1,Benedizione,8,8,False,numeric,,,numeric,,"Cerca nel reliquiario 2 carte ""Giorno"" e aggiungile alla tua mano."
CRI_settimo_sigillo_apocalisse,Settimo Sigillo: Apocalisse,Cristianesimo,CRI-1,Benedizione,10,10,False,numeric,,,numeric,,Puoi attivare questa carta solo se Altare dei Sette Sigilli è presente sul campo e ha almeno 7 Sigilli. Distruggi tutti i santi sul terreno. I santi distrutti in questo modo non generano peccato.
CRI_terra,Terra,Cristianesimo,CRI-1,Artefatto,2,2,False,numeric,3,3,numeric,,"Finchè in campo, previeni gli effetti degli artefatti avversari che causerebbero la distruzione dei tuoi santi."
CRI_terzo_sigillo_carestia,Terzo Sigillo: Carestia,Cristianesimo,CRI-1,Maledizione,6,6,False,numeric,,,numeric,,"Durante il prossimo turno, il tuo avversario pesca 2 carte in meno (minimo 1) e se Altare dei Sette Sigilli è presente sul campo e ha almeno 4 Sigilli, tutti i suoi santi perdono 2 fede. Se, in seguito alla risoluzione di questo effetto, un santo avversario avrà fede pari o inferiore a 0, esso verrà distrutto e mandato al cimitero."
CRI_trombe_del_giudizio,Trombe del Giudizio,Cristianesimo,CRI-1,Artefatto,8,8,False,numeric,6,6,numeric,,"All’inizio del tuo turno, se Altare dei Sette Sigilli è presente sul campo e ha da 3 a 4 Sigilli, infliggi 3 peccato all’avversario. Da 5 a 6 Sigilli, infliggi 6 peccato all’avversario. 7 o più Sigilli, infliggi 10 peccato."
CRI_umanit,Umanità,Cristianesimo,CRI-1,Artefatto,2,2,False,numeric,2,2,numeric,,Le carte equipaggiate con benedizioni non ti fanno guadagnare peccato alla loro morte.
CRI_veggente_dell_apocalisse,Veggente dell'Apocalisse,Cristianesimo,CRI-1,Santo,7,7,False,numeric,8,8,numeric,3,"Quando entra in campo, puoi cercare nel reliquiario una carta ""Sigillo"" e pescarla. Rimischia il reliquiario. Se Altare dei Sette Sigilli è presente sul campo, una volta per turno puoi aggiungere 1 Sigillo all’Altare oppure rimuoverne 3 per pescare una carta."
CRI_veggenza,Veggenza,Cristianesimo,CRI-1,Benedizione,4,4,False,numeric,,,numeric,,Guarda le prime 5 carte del tuo reliquiario e rimettile in cima nell'ordine desiderato.
CRI_vescovo_della_citt_buia,Vescovo della Città Buia,Cristianesimo,CRI-1,Santo,8,8,False,numeric,5,5,numeric,5,"Quando entra in campo, ottiene +5 fede  per ogni santo presente sul terreno avversario."
CRI_vescovo_della_citt_lucente,Vescovo della Città Lucente,Cristianesimo,CRI-1,Santo,6,6,False,numeric,7,7,numeric,4,"Quando entra in campo, conferisce +5 fede a ogni santo danneggiato sul tuo terreno."
CRI_visione_celestiale,Visione Celestiale,Cristianesimo,CRI-1,Benedizione,1,1,False,numeric,,,numeric,,Puoi giocare questa carta solo se l’avversario ha 6 santi sul terreno. Pesca 3 carte.
NOR_assalto_invernale,Assalto Invernale,Mitologia Norrena,NOR-1,Benedizione,7,7,False,numeric,,,numeric,,Puoi giocare questa carta solo se 3 o più santi sono passati dal tuo lato del terreno al cimitero questo turno. Evoca Fenrir o Jormungandr dal tuo reliquiario o Cimitero.
NOR_bifrost,Bifrost,Mitologia Norrena,NOR-1,Maledizione,6,6,False,numeric,,,numeric,,Scomunica un santo ed infliggi peccato pari alla sua fede al tuo avversario.
NOR_fenrir,Fenrir,Mitologia Norrena,NOR-1,Santo,8,8,False,numeric,15,15,numeric,8,"Ogni volta che questa carta attacca un santo, prima del calcolo dei danni, guadagna 1 forza."
NOR_figli_di_odino,Figli di Odino,Mitologia Norrena,NOR-1,Benedizione,4,4,False,numeric,,,numeric,,"Conferisci +3 forza ad un santo. Se controlli Odino, conferisci +6 forza invece. Se controlli Odino e Thor,  conferisci +6 forza e pesca una carta."
NOR_gungnir,Gungnir,Mitologia Norrena,NOR-1,Artefatto,5,5,False,numeric,4,4,numeric,,"Conferisce +4 forza a ""Odino"" e +1 forza a tutti i santi presenti sul tuo lato di campo"
NOR_huginn,Huginn,Mitologia Norrena,NOR-1,Santo,3,3,False,numeric,3,3,numeric,1,"Quando entra in campo, guarda le prime 3 carte del reliquiario. Se tra quelle carte compare un santo, puoi aggiungerlo alla tua mano. Mischia. Se Odino è sul campo, puoi aggiungere una qualsiasi di quelle carte."
NOR_j_rngreipr,Járngreipr,Mitologia Norrena,NOR-1,Artefatto,6,6,False,numeric,4,4,numeric,,"Finchè posizionato sul terreno, conferisce +2 forza a tutti i santi presenti sul tuo lato di campo."
NOR_jordh,Jordh,Mitologia Norrena,NOR-1,Santo,3,3,False,numeric,8,8,numeric,2,Dimezza il danno ricevuto dai santi avversari.
NOR_jormungandr,Jormungandr,Mitologia Norrena,NOR-1,Santo,8,8,False,numeric,25,25,numeric,6,"Ogni volta che questa carta attacca, guadagna 1 fede."
NOR_loki,Loki,Mitologia Norrena,NOR-1,Santo,6,6,False,numeric,6,6,numeric,2,"Manda questa questa carta dal terreno al cimitero senza subire punti peccato, per evocare dalla tua mano ""Jormungandr"" o ""Fernir"","
NOR_megingj_r,Megingjörð,Mitologia Norrena,NOR-1,Artefatto,6,6,False,numeric,4,4,numeric,,"Finchè posizionato sul terreno, conferisce +6 forza a ""Thor"" e +2 forza a tutti gli altri santi presenti sul tuo lato di campo."
NOR_mjolnir,Mjolnir,Mitologia Norrena,NOR-1,Artefatto,10,10,False,numeric,8,8,numeric,,"Manda ""Járngreipr"" dal terreno al cimitero per poter posizionare questa carta. Finche questa carta è sul terreno, ""Thor"" ottiene +8 forza."
NOR_muninn,Muninn,Mitologia Norrena,NOR-1,Santo,3,3,False,numeric,3,3,numeric,1,"Quando entra in campo, puoi riprendere una carta dal tuo cimitero e rimetterla nel reliquiario. Mischia. Se Odino è sul campo, puoi invece aggiungerla alla mano."
NOR_odino,Odino,Mitologia Norrena,NOR-1,Santo,7,7,False,numeric,5,5,numeric,8,"Conferisci +1 forza a questa carta ogni volta che infligge danno ad un santo avversario. Se la fede del santo avversario viene ridotta a 0, a questa carta viene conferito +2 forza."
NOR_ragnarok,Ragnarok,Mitologia Norrena,NOR-1,Benedizione,10,10,False,numeric,,,numeric,,"Distruggi tutti i santi sul terreno. Per ogni tuo santo distrutto in questo modo, pesca una carta. Puoi evocare Fenrir o Jormungandr dalla tua mano senza costo di ispirazione."
NOR_saga_degli_eroi_caduti,Saga degli Eroi Caduti,Mitologia Norrena,NOR-1,Artefatto,4,4,False,numeric,4,4,numeric,,"Finchè questa carta è sul tuo terreno, ogni volta che un tuo santo lascia il terreno e finisce al cimitero (per effetto o distruzione in battaglia), i tuoi santi ottengono +1 forza."
NOR_sif,Sif,Mitologia Norrena,NOR-1,Santo,3,3,False,numeric,4,4,numeric,2,"Una volta per turno, scegli un santo sul tuo terreno e conferisci +4 fede."
NOR_skadi,Skadi,Mitologia Norrena,NOR-1,Santo,5,5,False,numeric,6,6,numeric,4,"Quando entra in campo, scegli un santo avversario con forza pari o superiore a 5: quel santo perde 3 forza."
NOR_tanngnjostr,Tanngnjostr,Mitologia Norrena,NOR-1,Santo,2,2,False,numeric,2,2,numeric,3,"Se ""Thor"" è sul tuo terreno, manda questa carta dal terreno al cimitero senza accumulare peccato. Conferisci a ""Thor"" +4 fede."
NOR_tanngrisnir,Tanngrisnir,Mitologia Norrena,NOR-1,Santo,2,2,False,numeric,2,2,numeric,3,"Se ""Thor"" è sul tuo terreno, manda questa carta dal terreno al cimitero senza accumulare peccato. Conferisci a ""Thor"" +4 fede."
NOR_tempesta_di_asgard,Tempesta di Asgard,Mitologia Norrena,NOR-1,Maledizione,6,6,False,numeric,,,numeric,,"Tutti i santi sul terreno perdono 2 fede. Se Thor è sul tuo terreno, i santi avversari perdono invece 4 fede."
NOR_thor,Thor,Mitologia Norrena,NOR-1,Santo,,White,True,white,10,10,numeric,8,"Se sconfitto in battaglia puoi scomunicare una copia di ""Tanngnjostr"" o ""Tanngrisnir"" dal tuo cimitero per ripristinare la sua fede a 4 annullando la sua distruzione."
NOR_valhalla,Valhalla,Mitologia Norrena,NOR-1,Edificio,8,8,False,numeric,8,8,numeric,,"Finche questa carta è posizionata sul terreno, guadagni +2 ispirazione per turno."
NOR_yggdrasil,Yggdrasil,Mitologia Norrena,NOR-1,Edificio,9,9,False,numeric,10,10,numeric,,"Quando questa carta entra sul terreno, puoi cercare nel reliquiario un santo con nome Thor, Odino oppure Loki, aggiungerlo alla tua mano e poi mischiare il reliquiario. Una volta per turno puoi scegliere uno dei seguenti effetti: 
Conferisci +2 forza e +2 fede ad un santo sul tuo terreno.
Riprendi dal tuo cimitero un artefatto e aggiungilo alla tua mano.
Se controlli almeno 3 santi con nomi diversi, pesca una carta.
Se sul tuo terreno sono presenti Thor e Odino, tutti i tuoi santi ottengono +1 forza."
ANI_albero_di_pietra,Albero di Pietra,Animismo,ANI-1,Santo,5,5,False,numeric,8,8,numeric,3,"Se viene sconfitto da un santo, puoi prendere ogni carta ""Pietra"" nel tuo cimitero e metterla nel reliquiario. Se attivi questo effetto, questa carta viene scomunicata."
ANI_albero_fortunato,Albero Fortunato,Animismo,ANI-1,Santo,2,2,False,numeric,2,2,numeric,1,"Quando sconfitto o mandato al cimitero, pesca 2 carte."
ANI_albero_sacro,Albero Sacro,Animismo,ANI-1,Santo,,White,True,white,10,10,numeric,,"Va posizionato immediatamente quando pescato. Il turno termina. Alla fine di ogni turno (tuo o dell’avversario), evoca un Token Albero. Ogni Token ucciso fa guadagnare 2 Fede ad Albero Sacro (anziché 2 Peccato al giocatore)."
ANI_albero_sconsacrato,Albero Sconsacrato,Animismo,ANI-1,Santo,3,3,False,numeric,3,3,numeric,3,Ogni santo sconfitto da questa carta viene scomunicato.
ANI_albero_secolare,Albero Secolare,Animismo,ANI-1,Santo,7,7,False,numeric,7,7,numeric,3,"Ogni volta che subisce danno non mortale, ottiene +7 Fede."
ANI_anfibio_tossico,Anfibio Tossico,Animismo,ANI-1,Santo,4,4,False,numeric,2,2,numeric,2,"Quando attacca un santo avversario, dopo il calcolo del danno, equipaggia questa carta a quel santo. Alla fine del prossimo turno, il santo equipaggiato viene distrutto e questa carta viene esiliata."
ANI_aquila_vorace,Aquila Vorace,Animismo,ANI-1,Santo,6,6,False,numeric,2,2,numeric,8,"Se distrugge un santo con un attacco, torna nella tua mano."
ANI_cataclisma_ciclico,Cataclisma Ciclico,Animismo,ANI-1,Artefatto,9,9,False,numeric,6,6,numeric,,"Finchè questa carta è sul terreno, prima della tua fase di pescata, devi distruggere un santo sul tuo terreno o del tuo avversario. Se il santo distrutto è sul tuo terreno, infliggi 2 peccato al tuo avversario, altrimenti perde 1 peccato."
ANI_caverna_profonda,Caverna Profonda,Animismo,ANI-1,Artefatto,2,2,False,numeric,2,2,numeric,,"Finchè questa carta è sul terreno, ogni carta ""Pietra"" distrutta torna nel reliquiario anzichè finire nel cimitero."
ANI_ciclicit_climatica,Ciclicità Climatica,Animismo,ANI-1,Innata,,,False,numeric,,,numeric,,"Una volta per turno, scegli una carta santo con rarità 4 o inferiore presente nel tuo cimitero. Evocala sul terreno senza spendere Ispirazione. "
ANI_colori_d_autunno,Colori d'Autunno,Animismo,ANI-1,Maledizione,5,5,False,numeric,,,numeric,,"Per ogni carta Albero sul tuo campo, guadagni 2 Peccato e la distruggi. Per ogni carta distrutta in questo modo, evoca un Segno del Passato dalla tua mano o reliquiario."
ANI_corteccia,Corteccia,Animismo,ANI-1,Artefatto,5,5,False,numeric,5,5,numeric,,Tutte le carte Albero ottengono +5 Fede.
ANI_creature_del_sottobosco,Creature del Sottobosco,Animismo,ANI-1,Santo,4,4,False,numeric,6,6,numeric,4,"Quando questa carta viene scomunicata, pesca 3 carte."
ANI_cuore_della_foresta,Cuore della foresta,Animismo,ANI-1,Artefatto,5,5,False,numeric,5,5,numeric,,"Ogni volta che un token Albero viene sconfitto in battaglia o distrutto per effetti di carte, infliggi 1 peccato al tuo avversario."
ANI_diboscamento,Diboscamento,Animismo,ANI-1,Maledizione,6,6,False,numeric,,,numeric,,Cerca 3 carte Albero nel tuo reliquiario e mandale al cimitero.
ANI_fiamma_primordiale,Fiamma Primordiale,Animismo,ANI-1,Edificio,10,10,False,numeric,7,7,numeric,,"Ogni volta che un santo avversario attacca, subisce 2 danni. Se un santo avversario viene distrutto per via di questo effetto, perdi 2 punti peccato."
ANI_fioritura_primaverile,Fioritura Primaverile,Animismo,ANI-1,Benedizione,7,7,False,numeric,,,numeric,,"Conferisci +2 fede e +2 forza ad ogni santo della religione ""Animismo"" presenti sul terreno."
ANI_foresta_sacra,Foresta Sacra,Animismo,ANI-1,Edificio,10,10,False,numeric,10,10,numeric,,"Le tue carte Albero non possono essere bersagliate da maledizioni o benedizioni nemiche. Se una carta Albero viene scomunicata, torna nel mazzo d’origine invece."
ANI_golem_di_pietra,Golem di Pietra,Animismo,ANI-1,Santo,4,4,False,numeric,4,4,numeric,4,"Se distrugge un santo, la sua Fede torna a 4."
ANI_incendio,Incendio,Animismo,ANI-1,Artefatto,3,3,False,numeric,2,2,numeric,,"Raddoppia il danno inflitto dall'effetto di ""Fiamma Primordiale"" per ogni copia di questa carta presente sul tuo lato di campo."
ANI_insetto_della_palude,Insetto della Palude,Animismo,ANI-1,Santo,1,1,False,numeric,2,2,numeric,2, Non può essere bersagliato da maledizioni.
ANI_insetto_dorato,Insetto Dorato,Animismo,ANI-1,Santo,4,4,False,numeric,3,3,numeric,2,"Può attaccare tutti i santi nemici in zona d’attacco. Per ogni attacco riuscito, ottiene +1 Forza."
ANI_inverno,Inverno,Animismo,ANI-1,Maledizione,8,8,False,numeric,,,numeric,,Scegli 3 carte in campo con rarità ≤ 8. Scomunicale insieme a questa carta.
ANI_larva_pestilenziale,Larva Pestilenziale,Animismo,ANI-1,Santo,3,3,False,numeric,2,2,numeric,1,Dimezza la forza del santo che distrugge questa carta.
ANI_legame_primordiale,Legame Primordiale,Animismo,ANI-1,Benedizione,5,5,False,numeric,,,numeric,,"Per ogni Albero che controlli, puoi spostare una carta con rarità ≤ 7 dal tuo cimitero al reliquiario."
ANI_memoria_della_pietra,Memoria della Pietra,Animismo,ANI-1,Benedizione,4,4,False,numeric,,,numeric,,"Evoca una carta ""Pietra"" dal tuo cimitero al tuo terreno. Scomunica questa carta."
ANI_monsone,Monsone,Animismo,ANI-1,Maledizione,3,3,False,numeric,,,numeric,,Manda 3 carte dalla tua mano o dalla cima del reliquiario al cimitero. Poi scegli 3 carte con rarità ≤ 8 sul campo e rimettili nel reliquiario del proprietario.
ANI_muschio_tossico,Muschio Tossico,Animismo,ANI-1,Santo,2,2,False,numeric,2,2,numeric,2,"Quando questo santo viene distrutto, l'avversario sceglie una carta dal proprio reliquiario e la manda al cimitero."
ANI_occhi_della_notte,Occhi della Notte,Animismo,ANI-1,Santo,2,2,False,numeric,2,2,numeric,2,Può attaccare anche dalla zona di difesa.
ANI_pianta_carnivora,Pianta Carnivora,Animismo,ANI-1,Santo,2,2,False,numeric,3,3,numeric,3,"Considerata una carta Albero. Se in campo è presente ""Insetto della Palude"", questa carta ottiene +2 Fede e +2 Forza."
ANI_pietra_bianca,Pietra Bianca,Animismo,ANI-1,Benedizione,3,3,False,numeric,,,numeric,,Perdi un numero di Peccato pari alla Forza del santo su cui attivi questa carta.
ANI_pietra_focaia,Pietra Focaia,Animismo,ANI-1,Santo,4,4,False,numeric,2,2,numeric,4,"Ogni volta che attacca un santo avversario, cerca nel tuo reliquiario un carta artefatto e aggiungila alla tua mano."
ANI_pietra_levigata,Pietra Levigata,Animismo,ANI-1,Santo,8,8,False,numeric,6,6,numeric,6,"Una volta per turno, scegli un santo sul terreno avversario. Aggiungi fede e forza di quel santo a questa carta. Puoi selezionare lo stesso santo più volte. Quando uno dei santi targettati dall'effetto di questa carta viene distrutto, distruggi anche questo santo."
ANI_pietra_nera,Pietra Nera,Animismo,ANI-1,Maledizione,3,3,False,numeric,,,numeric,,Equipaggia questa carta su un santo. Distruggi questa carta equipaggiata per prevenire il primo attacco ricevuto da quel santo.
ANI_pietre_aguzze,Pietre Aguzze,Animismo,ANI-1,Artefatto,5,5,False,numeric,4,4,numeric,,"Ogni volta che un santo avversario entra in campo, subisce 2 Peccato."
ANI_pietre_pesanti,Pietre Pesanti,Animismo,ANI-1,Maledizione,2,2,False,numeric,,,numeric,,"Durante il prossimo turno, l'avversario consuma il doppio dell'ispirazione per giocare le proprie carte."
ANI_pioggia,Pioggia,Animismo,ANI-1,Benedizione,2,2,False,numeric,,,numeric,,Ogni tuo santo ferito ottiene +4 Fede.
ANI_pioggia_acida,Pioggia Acida,Animismo,ANI-1,Maledizione,2,2,False,numeric,,,numeric,,Tutti i santi in campo perdono 2 Fede.
ANI_preghiera_fertilit,Preghiera: Fertilità,Animismo,ANI-1,Benedizione,9,9,False,numeric,,,numeric,,"Scegli 3 carte ""Albero"" nel tuo cimitero. La prima verrà messa in campo, la seconda verrà pescata, la terza verrà scomunicata. Non è possibile scegliere un edificio se la zona dedicata è già occupata."
ANI_proibizione_naturale,Proibizione Naturale,Animismo,ANI-1,Maledizione,1,1,False,numeric,,,numeric,,Annulla l'effetto di un santo.
ANI_radici,Radici,Animismo,ANI-1,Artefatto,5,5,False,numeric,6,6,numeric,,Ogni carta Albero guadagna +2 Fede per turno.
ANI_ruscello_sacro,Ruscello Sacro,Animismo,ANI-1,Edificio,10,10,False,numeric,8,8,numeric,,"Ogni token Albero fa guadagnare il doppio della Fede ad ""Albero Sacro"". Finchè questa carta è in campo, ottieni +2 Ispirazione per turno."
ANI_sabbie_mobili,Sabbie Mobili,Animismo,ANI-1,Artefatto,5,5,False,numeric,5,5,numeric,,"Finchè in campo, ogni giocatore può attaccare con un solo santo per turno."
ANI_sacrificio_naturale,Sacrificio Naturale,Animismo,ANI-1,Benedizione,5,5,False,numeric,,,numeric,,Può essere giocata solo se l’avversario non ha santi in difesa. Evoca 3 Token Sacrificali nelle sue zone difensive.
ANI_segno_del_passato,Segno Del Passato,Animismo,ANI-1,Artefatto,6,6,False,numeric,8,8,numeric,,I santi avversari perdono 4 Forza finche attiva sul terreno.
ANI_sequoia,Sequoia ,Animismo,ANI-1,Santo,7,7,False,numeric,8,8,numeric,4,"Ogni volta che infligge un attacco mortale, raddoppia la sua Forza."
ANI_spore,Spore,Animismo,ANI-1,Benedizione,8,8,False,numeric,,,numeric,,"Metti tutte le carte della tua mano nel reliquiario. Durante il tuo prossimo turno, pesca 8 carte."
ANI_stalagmiti,Stalagmiti,Animismo,ANI-1,Santo,2,2,False,numeric,5,5,numeric,2,"Ogni volta che questa carta subisce danno da un santo avversario, esso subirà 3 danni."
ANI_stalattiti,Stalattiti,Animismo,ANI-1,Santo,3,3,False,numeric,4,4,numeric,4,"Ogni volta che questa carta subisce danno da un santo avversario, esso subirà 2 danni."
ANI_tempesta,Tempesta,Animismo,ANI-1,Maledizione,2,2,False,numeric,,,numeric,,Ogni santo avversario subisce 3 di danno.
ANI_terremoto_magnitudo_10,Terremoto: Magnitudo 10,Animismo,ANI-1,Maledizione,10,10,False,numeric,,,numeric,,"Distruggi tutti gli artefatti ed edifici sul campo. Entrambi i giocatori guadagnano 2 Peccato per ogni carta distrutta. Se ""Vulcano"" è presente nella tua mano al momento della risoluzione di questo effetto, evocalo. Scomunica questa carta."
ANI_terremoto_magnitudo_3,Terremoto: Magnitudo 3,Animismo,ANI-1,Maledizione,6,6,False,numeric,,,numeric,,Distruggi un artefatto avversario e guadagna 2 Peccato.
ANI_tifone,Tifone,Animismo,ANI-1,Benedizione,4,4,False,numeric,,,numeric,,Pesca 2 carte. Il tuo avversario scarta le prime 2 carte del suo reliquiario.
ANI_token_albero,Token Albero,Animismo,ANI-1,Token,,,False,numeric,2,2,numeric,8,
ANI_token_sacrificale,Token Sacrificale,Animismo,ANI-1,Token,,,False,numeric,5,5,numeric,,
ANI_tornado,Tornado,Animismo,ANI-1,Maledizione,8,8,False,numeric,,,numeric,,"Scegli 3 santi in campo, di cui almeno uno dell’avversario. Distruggi tutti gli altri santi in campo."
ANI_totem_di_pietra,Totem di Pietra,Animismo,ANI-1,Santo,5,5,False,numeric,,,numeric,,Consuma tutta la tua ispirazione rimanente per evocare questa carta. Non può attaccare. La sua Fede è pari al costo di evocazione x 3.
ANI_uragano,Uragano,Animismo,ANI-1,Maledizione,7,7,False,numeric,,,numeric,,Distruggi un santo e un artefatto avversario. 
ANI_voragine,Voragine,Animismo,ANI-1,Maledizione,4,4,False,numeric,,,numeric,,Distruggi un santo avversario.
ANI_vulcano,Vulcano,Animismo,ANI-1,Santo,,White,True,white,25,25,numeric,15,"Questa carta può solo essere evocata tramite l'effetto di ""Terremoto: Magnituto 10"". Una volta per turno può distruggere una carta sul terreno di qualsiasi giocatore. "
EGI_anubi,Anubi,Egiziane,EGI-1,Santo,10,10,False,numeric,,0,numeric,,Puoi mandare questa carta dal campo al cimitero per evocare un qualsiasi santo dal tuo cimitero in zona d'attacco.
EGI_atum,Atum,Egiziane,EGI-1,Santo,,White,True,white,25,25,numeric,15,"Non consuma ispirazione per essere evocato. Finché è in campo, puoi evocare i santi dalla tua mano spendendo metà del loro costo."
EGI_bende_consacrate,Bende Consacrate,Egiziane,EGI-1,Benedizione,2,2,False,numeric,,,numeric,,"Equipaggiala ad un santo. Quando la sua fede scende a 0, distruggi questa carta: quel santo rimane con 1 fede."
EGI_coccodrillo_del_nilo,Coccodrillo del Nilo,Egiziane,EGI-1,Santo,4,4,False,numeric,5,5,numeric,5,È immune alle maledizioni.
EGI_deriu_hebet,Deriu-hebet,Egiziane,EGI-1,Santo,3,3,False,numeric,3,3,numeric,2,"Guarda la prima carta del reliquiario: se è una benedizione o maledizione, pescala. Altrimenti, rimischia."
EGI_esondazione_del_nilo,Esondazione del Nilo,Egiziane,EGI-1,Artefatto,7,7,False,numeric,6,6,numeric,,Peschi una carta extra ogni turno.
EGI_faro_di_alessandria,Faro di Alessandria,Egiziane,EGI-1,Artefatto,4,4,False,numeric,5,5,numeric,,"Una volta per turno, quando il tuo avversario pesca una carta, puoi fargli rimischiare quella carta nel reliquiario e rieffettuare la pescata."
EGI_geb,Geb,Egiziane,EGI-1,Santo,2,2,False,numeric,4,4,numeric,4,"Se hai un Edificio in mano, mentre Geb è sul terreno, il suo costo è ridotto di 1 ispirazione."
EGI_geroglifici,Geroglifici,Egiziane,EGI-1,Artefatto,5,5,False,numeric,5,5,numeric,,I santi avversari con rarità ≤ 2 non possono attaccare.
EGI_iside,Iside,Egiziane,EGI-1,Santo,8,8,False,numeric,9,9,numeric,5,"Quando entra in campo, cerca Osiride nel cimitero ed evocalo sul tuo terreno."
EGI_medicina_egizia,Medicina Egizia,Egiziane,EGI-1,Benedizione,5,5,False,numeric,,,numeric,,Ripristina la fede di un tuo santo al suo quantitativo iniziale.
EGI_mummificazione,Mummificazione,Egiziane,EGI-1,Benedizione,3,3,False,numeric,,,numeric,,"Riporta una carta scomunicata o nel cimitero, nel tuo reliquiario."
EGI_nefti,Nefti,Egiziane,EGI-1,Santo,1,1,False,numeric,1,1,numeric,3,"Quando questa carta viene distrutta, evoca Set dal tuo cimitero sul terreno."
EGI_neith,Neith,Egiziane,EGI-1,Santo,3,3,False,numeric,2,2,numeric,1,"Quando entra in campo, infligge 1 danno a ogni santo avversario."
EGI_nun,Nun,Egiziane,EGI-1,Artefatto,8,8,False,numeric,8,8,numeric,,"Durante la fase di pescata, scegli una carta con fede minore o uguale a 10 prima di metterla in mano: puoi giocarla gratuitamente."
EGI_oggetti_di_famiglia,Oggetti di Famiglia,Egiziane,EGI-1,Benedizione,1,1,False,numeric,,,numeric,,Equipaggia questa carta ad un tuo santo non danneggiato. Dimezza la sua fede iniziale. Distruggi questa carta quando viene distrutto il santo a cui è stata equipaggiata.
EGI_osiride,Osiride,Egiziane,EGI-1,Santo,10,10,False,numeric,25,25,numeric,10,Ogni carta sconfitta da Osiride viene scomunicata invece che mandata al cimitero.
EGI_passaggio_all_aldil,Passaggio all'Aldilà,Egiziane,EGI-1,Benedizione,2,2,False,numeric,,,numeric,,Sacrifica un santo sul tuo terreno e ottieni ispirazione pari alla sua forza per questo turno.
EGI_piaga_ignota,Piaga Ignota,Egiziane,EGI-1,Maledizione,6,6,False,numeric,,,numeric,,Evoca un Token Piaga su ogni zona santo avversaria libera.
EGI_piramide_chefren,Piramide: Chefren,Egiziane,EGI-1,Artefatto,7,7,False,numeric,8,8,numeric,,Con 1 piramide: tutti i tuoi santi hanno +5 forza. Con 2 piramidi: i tuoi santi raddoppiano la fede iniziale. Con 3 piramidi: peschi 2 carte in più ogni turno. Gli effetti precedenti sono mantenuti.
EGI_piramide_cheope,Piramide: Cheope,Egiziane,EGI-1,Artefatto,7,7,False,numeric,8,8,numeric,,Con 1 piramide: tutti i tuoi santi hanno +5 forza. Con 2 piramidi: i tuoi santi raddoppiano la fede iniziale. Con 3 piramidi: peschi 2 carte in più ogni turno. Gli effetti precedenti sono mantenuti.
EGI_piramide_micerino,Piramide: Micerino,Egiziane,EGI-1,Artefatto,7,7,False,numeric,8,8,numeric,,Con 1 piramide: tutti i tuoi santi hanno +5 forza. Con 2 piramidi: i tuoi santi raddoppiano la fede iniziale. Con 3 piramidi: peschi 2 carte in più ogni turno. Gli effetti precedenti sono mantenuti.
EGI_proibizione_egizia,Proibizione Egizia,Egiziane,EGI-1,Maledizione,1,1,False,numeric,,,numeric,,Annulla l’effetto di un santo.
EGI_ptah,Ptah,Egiziane,EGI-1,Santo,3,3,False,numeric,3,3,numeric,2,"Finchè questa carta è sul tuo terreno, all'inizio del turno puoi rimandare una delle carte pescate nel reliquiario, rimescolarlo e pescarne un'altra."
EGI_ra,Ra,Egiziane,EGI-1,Santo,8,8,False,numeric,20,20,numeric,20,Può essere giocato gratuitamente se Nun è già sul campo.
EGI_rito_funebre,Rito Funebre,Egiziane,EGI-1,Benedizione,4,4,False,numeric,,,numeric,,Scegli un santo dal cimitero e rimandalo nel reliquiario.
EGI_sacerdote_orologio,Sacerdote Orologio,Egiziane,EGI-1,Santo,2,2,False,numeric,1,1,numeric,1,"Scegli un santo avversario danneggiato con rarità ≤ 5. Quando questo sacerdote muore, anche il santo avversario scelto viene distrutto."
EGI_sacerdote_oroscopo,Sacerdote Oroscopo,Egiziane,EGI-1,Santo,2,2,False,numeric,4,4,numeric,2,"Quando viene sconfitto in battaglia, cerca una benedizione nel tuo reliquiario e aggiungila alla mano."
EGI_schiavi,Schiavi,Egiziane,EGI-1,Santo,3,3,False,numeric,8,8,numeric,2,"Ogni volta che riceve danno non letali, ottiene +2 fede."
EGI_schiavo_mutilato,Schiavo Mutilato,Egiziane,EGI-1,Santo,1,1,False,numeric,2,2,numeric,2,"Se sconfigge un santo avversario, guadagna +2 fede e +2 forza."
EGI_set,Set,Egiziane,EGI-1,Santo,1,1,False,numeric,2,2,numeric,2,"Finché Set è in campo, può essere l’unico bersaglio degli attacchi avversari."
EGI_seth,Seth,Egiziane,EGI-1,Santo,7,7,False,numeric,6,6,numeric,6,"Quando entra in campo, puoi mandare Osiride dal reliquiario al cimitero."
EGI_sfinge,Sfinge,Egiziane,EGI-1,Edificio,10,10,False,numeric,10,10,numeric,,"Può essere giocata solo se Cheope, Chefren e Micerino sono sul campo. Finchè questa carta è sul campo, il tuo avversario paga doppia ispirazione per giocare carte."
EGI_tempesta_di_sabbia,Tempesta di Sabbia,Egiziane,EGI-1,Maledizione,6,6,False,numeric,,,numeric,,Ogni santo sul terreno perde 3 punti fede.
EGI_token_piaga,Token Piaga,Egiziane,EGI-1,Token,,,False,numeric,3,3,numeric,,
EGI_ultima_offerta,Ultima Offerta,Egiziane,EGI-1,Benedizione,4,4,False,numeric,,,numeric,,Scarta un santo dalla mano al cimitero: un tuo santo sul terreno guadagna fede pari alla forza della carta scartata.
EGI_unut,Unut,Egiziane,EGI-1,Santo,2,2,False,numeric,3,3,numeric,2,Questa carta non può essere scomunicata.
EGI_vasi_canopi,Vasi Canopi,Egiziane,EGI-1,Artefatto,6,6,False,numeric,6,6,numeric,,"Equipaggiala ad un tuo santo. Quando muore, distruggi questa carta ed evocalo di nuovo senza i suoi effetti."
PHD_av_drna,Av'drna,Ph-DakGaph,PHD-1,Edificio,2,2,False,numeric,4,4,numeric,,"Ogni volta che il tuo avversario pesca, questa carta perde 1 punto fede e tu riduci i tuoi punti peccato di 2. Se la fede arriva a 0, distruggi Av'drna."
PHD_avidit_di_av,Avidità di Av,Ph-DakGaph,PHD-1,Maledizione,4,4,False,numeric,,,numeric,,Entrambi i giocatori pescano 3 carte.
distorsione_del_reliquiario,Distorsione del Reliquiario,Ph-DakGaph,PHD-1,Benedizione,6,6,False,numeric,,,numeric,,Entrambi i giocatori mescolano le loro carte scomunicate nei rispettivi reliquiari. Poi ogni giocatore pesca 2 carte.
PHD_dono_di_kah,Dono di Kah,Ph-DakGaph,PHD-1,Benedizione,2,2,False,numeric,,,numeric,,Puoi pescare fino a 5 carte. Ogni carta pescata costa 2 ispirazione questo turno.
frammento_dello_specchio,Frammento dello Specchio,Ph-DakGaph,PHD-1,Artefatto,4,4,False,numeric,3,3,numeric,,"Una volta per turno, puoi scomunicare la carta in cima al tuo reliquiario."
PHD_fujn_dar,Fujn-dar,Ph-DakGaph,PHD-1,Santo,1,1,False,numeric,1,1,numeric,5,"Se Fujn-dar distrugge un santo, il proprietario della carta distrutta scarta 2 carte dalla mano."
PHD_fujn_lyat,Fujn'lyat,Ph-DakGaph,PHD-1,Benedizione,5,5,False,numeric,,,numeric,,Sposta 3 carte dal tuo cimitero al tuo reliquiario.
PHD_furia_di_llakhnal,Furia di Llakhnal,Ph-DakGaph,PHD-1,Maledizione,6,6,False,numeric,,,numeric,,Giocabile solo se entrambi i giocatori hanno meno di 50 punti peccato. Ogni giocatore guadagna 15 punti peccato. Esilia questa carta.
PHD_gggnag_ljep,Gggnag'ljep,Ph-DakGaph,PHD-1,Artefatto,7,7,False,numeric,6,6,numeric,,"Finchè questa carta è in campo, rendi uno slot artefatto dell'avversario inutilizzabile."
gub_ner_antico,Gub-ner Antico,Ph-DakGaph,PHD-1,Santo,5,5,False,numeric,6,6,numeric,3,"Quando questa carta entra in campo, puoi evocare un Token Gub-ner. Quando un Token Gub-ner viene distrutto: puoi scegliere una carta scomunicata e rimetterla nel reliquiario."
PHD_kah_ok,Kah-ok,Ph-DakGaph,PHD-1,Santo,2,2,False,numeric,2,2,numeric,1,"All’inizio di ogni tuo turno, aumenta la fede di Kah-ok di 2. Se raggiunge 10 fede, distruggi questa carta. Quando viene distrutta in questo modo, ottieni peccato pari alla fede raggiunta."
libro_di_ya_ner,Libro di Ya-ner,Ph-DakGaph,PHD-1,Artefatto,7,7,False,numeric,7,7,numeric,,"Una volta per turno, evoca un token Gub-ner sul tuo lato del terreno. Quando questa carta lascia il campo distruggi ogni token Gub-ner sul terreno e per ogni uno di essi, perdi 2 punti peccato. Solo 2 libro di Ya-ner possono essere presenti sul tuo lato di terreno contemporaneamente."
PHD_llakhnal,Llakhnal,Ph-DakGaph,PHD-1,Santo,2,2,False,numeric,5,5,numeric,7,Non può essere bersagliato da attacchi. Viene automaticamente distrutto all’inizio del turno successivo a quello in cui è stato evocato.
PHD_maledizione_di_ykkn_dar,Maledizione di Ykknødar ,Ph-DakGaph,PHD-1,Maledizione,9,9,False,numeric,,,numeric,,"Prendi le prime e le ultime 5 carte del tuo reliquiario. Esilia i santi, manda le benedizioni e le maledizioni al cimitero e posiziona artefatti ed edifici in campo. Se le zone edificio o artefatti sono occupate, distruggi l'edificio o gli artefatti già presenti in campo. Poi esilia questa carta."
manifestazione_di_ph_dak_gaph,Manifestazione di Ph-Dak'Gaph,Ph-DakGaph,PHD-1,Santo,,White,True,white,35,35,numeric,,"Può essere evocato senza costo solo se hai 10 o più carte scomunicate. Una volta evocato, scegli una carta scomunicata artefatto, edificio o santo e giocala ignorando il suo costo di ispirazione. Finché questa carta è sul terreno, ogni volta che una carta viene scomunicata, rimuovi 2 peccato e ogni volta che un avversario pesca, subisce 1 peccato.
Quando questa carta lascia il campo: rimetti tutte le carte scomunicate nel reliquiario e mischialo."
paradosso_di_ykkn_dar,Paradosso di Ykknødar ,Ph-DakGaph,PHD-1,Maledizione,7,7,False,numeric,,,numeric,,"Entrambi i giocatori scomunicano le prime 5 carte del loro reliquiario. Il giocatore che ha più carte scomunicate dopo la risoluzione di questo effetto pesca 3 carte. Se il numero totale di carte scomunicate dei due giocatori è uguale, entrambi pescano 3 carte."
PHD_ph_drna,Ph'drna,Ph-DakGaph,PHD-1,Edificio,,White,True,white,10,10,numeric,,"Finché Ph'drna è in campo, ogni santo viene evocato nel campo dell’altro giocatore. Il tuo avversario può distruggerlo solo sacrificando 1 edificio o 4 artefatti e pagando 10 ispirazione."
PHD_ph_kdam,Ph'kdam,Ph-DakGaph,PHD-1,Benedizione,9,9,False,numeric,,,numeric,,Giocabile solo scartando 6 carte dalla tua mano. Cerca un artefatto nel tuo reliquiario e posizionalo in campo. Poi passa il turno e scomunica questa carta.
PHD_pkad_nok,Pkad-nok,Ph-DakGaph,PHD-1,Santo,3,3,False,numeric,4,4,numeric,1,"Qualsiasi carta che attacca o viene attaccata da Pkad-nok viene distrutta dopo il calcolo dei danni. Se un santo viene distrutto in questo modo, entrambi i giocatori ottengono peccato pari alla sua fede."
PHD_pkad_nok_ljep,Pkad-nok'ljep,Ph-DakGaph,PHD-1,Benedizione,1,1,False,numeric,,,numeric,,Giocabile solo se hai meno santi in campo rispetto al tuo avversario. Pesca 1 carta.
PHD_proibizione_di_ph,Proibizione di Ph,Ph-DakGaph,PHD-1,Maledizione,1,1,False,numeric,,,numeric,,Annulla l'effetto di un santo.
risveglio_di_ph_dak_gaph,Risveglio di Ph-Dak'Gaph,Ph-DakGaph,PHD-1,Benedizione,9,9,False,numeric,,,numeric,,Scegli 5 carte scomunicate ed aggiungile alla tua mano. Perdi 10 peccato. Scomunica questa carta.
rito_della_ri_manifestazione,Rito della Ri-Manifestazione,Ph-DakGaph,PHD-1,Benedizione,5,5,False,numeric,,,numeric,,"Scegli fino a 3 carte scomunicate. Rimettile nel tuo reliquiario e mischialo. Se controlli Av'drna oppure Ph'drna, pesca una carta."
sacerdote_del_vuoto,Sacerdote del Vuoto,Ph-DakGaph,PHD-1,Santo,4,4,False,numeric,4,4,numeric,2,"Quando entra in campo, puoi scegliere una carta scomunicata e rimettila nel tuo reliquiario. Se una carta viene scomunicata mentre Sacerdote del Vuoto è sul terreno, questo santo ottiene +1 forza."
PHD_specchio_di_ykkn_dar,Specchio di Ykknødar ,Ph-DakGaph,PHD-1,Artefatto,10,10,False,numeric,9,9,numeric,,"Può essere giocato solo se entrambi i giocatori hanno più di 50 punti peccato. Scomunica tutte le carte sul terreno, in mano e nei cimiteri di entrambi i giocatori. Evoca Ykknødar dalla tua mano o reliquiario."
PHD_token_gub_ner,Token Gub-ner,Ph-DakGaph,PHD-1,Token,,,False,numeric,4,4,numeric,1,
PHD_volere_di_ph,Volere di Ph,Ph-DakGaph,PHD-1,Innata,,,False,numeric,,,numeric,,"Può essere inclusa solo in un mazzo composto interamente da carte della religione Ph-Dak'Gaph. Ogni carta pescata ti fa guadagnare 1 punto peccato. Ogni volta che una carta viene scomunicata, rimuovi 1 punto peccato."
PHD_ya_ner,Ya-ner,Ph-DakGaph,PHD-1,Santo,2,2,False,numeric,4,4,numeric,4,"All'inizio di ogni tuo turno, se non è già presente, evoca un Token Gub-ner dietro a Ya-ner. Se Ya-ner viene distrutta in battaglia e un Token Gub-ner è sul campo, distruggi il token al posto di Ya-ner e ripristina la fede di questa carta al suo valore iniziale."
PHD_ykkn_dar,Ykknødar ,Ph-DakGaph,PHD-1,Santo,10,10,False,numeric,30,30,numeric,,"Può essere evocato solo tramite “Specchio di Ykknødar”. Non può essere distrutto da effetti. Non può attaccare. Finché è in campo, ogni carta pescata dal tuo avversario ti fa perdere 3 punti peccato. Alla sua morte, distruggi e scomunica lo Specchio."
ah_puch,Ah Puch,Ombre Maya,MAY-1,Santo,9,9,False,numeric,7,7,numeric,7,"Ogni volta che un token viene distrutto o un santo viene mandato dal terreno al cimitero, questa carta ottiene +1 fede e +1 forza."
anima_errante,Anima Errante,Ombre Maya,MAY-1,Santo,4,4,False,numeric,3,3,numeric,3,"Quando questa carta lascia il terreno, evoca un token Spirito Vacuo sul tuo terreno."
calice_insanguinato,Calice Insanguinato,Ombre Maya,MAY-1,Artefatto,5,5,False,numeric,5,5,numeric,,"Paga 5 peccato ad ogni inizio turno per non distruggere questa carta. Finchè questa carta è sul tuo terreno, alla fine del tuo turno, distruggi ogni tuo token Spirito Vacuo. Il tuo avversario guadagna 5 peccato per ogni token distrutto per effetto di questa carta."
camazotz,Camazotz,Ombre Maya,MAY-1,Santo,9,9,False,numeric,8,8,numeric,6,"Ogni volta che questa carta distrugge un santo avversario, perdi 2 punti peccato ed evoca dal tuo cimitero una carta santo con forza pari o inferiore a 6."
cenote_sacro,Cenote Sacro,Ombre Maya,MAY-1,Artefatto,3,3,False,numeric,5,5,numeric,,"Una volta per turno, puoi distruggere un tuo santo. Rimuovi peccato pari alla fede di quel santo al momento della distruzione."
eco_dei_morti,Eco dei Morti,Ombre Maya,MAY-1,Artefatto,2,2,False,numeric,10,10,numeric,,"Ogni volta che un tuo santo finisce al cimitero, summona un token Spirito Vacuo al suo posto."
fiume_dei_morti,Fiume dei Morti,Ombre Maya,MAY-1,Edificio,4,4,False,numeric,8,8,numeric,,"Ogni carta che passa dal tuo terreno direttamente al cimitero, torna invece alla tua mano."
furia_di_camazotz,Furia di Camazotz,Ombre Maya,MAY-1,Maledizione,1,1,False,numeric,,,numeric,,Pesca quante carte vuoi. Per ogni carta pescata in questo modo ottieni 15 peccato.
MAY_hun_came,Hun-Came,Ombre Maya,MAY-1,Santo,8,8,False,numeric,6,6,numeric,6,"Per ogni 5 carte nel tuo cimitero, questa carta quadagna +2 fede e +2 forza."
ix_chel,Ix Chel,Ombre Maya,MAY-1,Santo,6,6,False,numeric,4,4,numeric,4,"Quando questa carta viene evocata dalla mano o reliquiario al terreno: il tuo avversario manda la prima carta del suo reliquiario al cimitero. Se questa carta viene evocata dal cimitero al terreno, ottiene +4 di forza."
maledizione_di_xibalba,Maledizione di Xibalba,Ombre Maya,MAY-1,Maledizione,8,8,False,numeric,,,numeric,,Ogni santo sul terreno avversario perde 1 di fede per ogni 5 carte presenti nel tuo cimitero.
promessa_dell_oltretomba,Promessa dell'oltretomba,Ombre Maya,MAY-1,Innata,,,False,numeric,,,numeric,,"Posiziona il tuo reliquiario nel cimitero. Reliquiario e cimitero diventano la stessa cosa. Ogni azione che riguarda il reliquiario, riguarda il cimitero. Dopo che una carta viene distrutta in battaglia, per effetto di carte o lascia il terreno senza essere scomunicata, essa verrà posizionata nel cimitero, il quale verrà successivamente mischiato."
resurrezione_del_sacerdote,Resurrezione del Sacerdote,Ombre Maya,MAY-1,Benedizione,8,8,False,numeric,,,numeric,,Questa carta può essere attivata solo in un turno in cui non è stato effettuato alcun attacco. Pesca 5 carte. Nel turno in cui questa carta viene attivata non possono essere effettuati attacchi.
rituale_dei_guardiani,Rituale dei Guardiani,Ombre Maya,MAY-1,Benedizione,8,8,False,numeric,,,numeric,,"Manda un tuo santo dal terreno al cimitero e pesca una carta. Se la carta pescata non è un santo, posizionala sul fondo del tuo cimitero. Se la carta pescata è un santo evocalo senza costo di ispirazione."
rituale_sepolcrale,Rituale Sepolcrale,Ombre Maya,MAY-1,Benedizione,7,7,False,numeric,,,numeric,,Scegli una carta santo dal tuo cimitero e aggiungila alla tua mano. Manda una tua carta dalla mano al cimitero.
sacrificio_del_tempo,Sacrificio del Tempo,Ombre Maya,MAY-1,Maledizione,,White,True,white,,,numeric,,"Questa carta può essere giocata solo se mandata dalla tua mano al cimitero per effetto di una carta. Manda ogni tua carta dalla tua mano al cimitero. Per ogni carta mandata al cimitero in questo modo, manda una carta avversaria dal terreno al cimitero. Se il tuo avversario non ha più carte sul terreno, ne scarterà una a scelta dalla sua mano. Se non ha più carte in mano, scarterà la carta in cima al proprio reliquiario. Se il reliquiario dell'avversario è vuoto, vinci la partita."
sacrificio_della_fertilit,Sacrificio della Fertilità,Ombre Maya,MAY-1,Benedizione,3,3,False,numeric,,,numeric,,Rimuovi 1 di peccato per ogni 5 carte nel tuo cimitero
spirito_dei_sepolti,Spirito dei Sepolti,Ombre Maya,MAY-1,Santo,6,6,False,numeric,1,1,numeric,6,"Quando questa carta lascia il terreno, ogni altro santo sul terreno guadagna +1 fede e +2 forza."
spirito_dell_esercito_dorato,Spirito dell'Esercito Dorato,Ombre Maya,MAY-1,Artefatto,8,8,False,numeric,10,10,numeric,,Paga 5 peccato ad ogni inizio turno per non distruggere questa carta. Una volta per turno puoi evocare un token Spirito Vacuo sul tuo terreno.
spirito_vacuo,Spirito Vacuo,Ombre Maya,MAY-1,Token,5,5,False,numeric,1,1,numeric,,
sussurro_degli_antenati,Sussurro degli Antenati,Ombre Maya,MAY-1,Maledizione,1,1,False,numeric,,,numeric,,"Se questa carta è stata pescata per effetto di un'altra carta, scomunicala. Scegli un token Spirito Vacuo sul tuo terreno. La sua fede diventa 10 e la sua forza 0."
tikal,Tikal,Ombre Maya,MAY-1,Edificio,6,6,False,numeric,8,8,numeric,,"Una volta per turno guarda la prima carta del tuo reliquiario. Se è un santo, mettilo nella tua mano, altrimenti rimettilo in fondo al reliquiario. Non mischiare."
vucub_came,Vucub-Came,Ombre Maya,MAY-1,Santo,7,7,False,numeric,5,5,numeric,5,"Se questa carta viene evocata sul terreno dal tuo cimitero, ogni santo presente sul tuo terreno guadagno +2 fede e +2 forza."
xibalba,Xibalba,Ombre Maya,MAY-1,Artefatto,10,10,False,numeric,10,10,numeric,,"Finchè questa carta è sul tuo terreno, ogni carta che viene evocata dal cimitero al terreno ottiene +5 fede e +5 forza. Ogni volta che una carta viene evocata dal cimitero alla terreno, perdi 3 peccato."
NEU_barriera_magica,Barriera Magica,Neutre,NEU-1,Benedizione,1,1,False,numeric,,,numeric,,Attiva questa carta per annullare l’attivazione di una Benedizione o di una Maledizione nemica.
NEU_barriera_magica_celestiale,Barriera Magica Celestiale,Neutre,NEU-1,Benedizione,4,4,False,numeric,,,numeric,,Scarta 1 carta per attivarla. Annulla l’attivazione di una Benedizione o Maledizione avversaria. Poi rimetti questa carta nel tuo reliquiario.
NEU_collasso,Collasso,Neutre,NEU-1,Maledizione,2,2,False,numeric,,,numeric,,"Se entrambi i giocatori non controllano edifici, questa carta non ha effetto. Se entrambi hanno almeno un edificio, ogni giocatore sceglie un proprio artefatto e lo distrugge."
NEU_concentrazione,Concentrazione,Neutre,NEU-1,Benedizione,3,3,False,numeric,,,numeric,,Pesca 2 carte.
NEU_contemplazione,Contemplazione,Neutre,NEU-1,Benedizione,3,3,False,numeric,,,numeric,,"Se hai speso più di 7 ispirazione in questo turno, ottieni 1 ispirazione extra fino all’inizio del tuo prossimo turno."
NEU_corruzione,Corruzione,Neutre,NEU-1,Maledizione,3,3,False,numeric,,,numeric,,Il giocatore avversario ottiene +5 peccato.
NEU_cura,Cura,Neutre,NEU-1,Benedizione,3,3,False,numeric,,,numeric,,Conferisci +5 fede a un tuo santo.
NEU_cura_rapida,Cura Rapida,Neutre,NEU-1,Benedizione,3,3,False,numeric,,,numeric,,Conferisci +3 fede a due santi a tua scelta.
NEU_cura_totale,Cura Totale,Neutre,NEU-1,Benedizione,5,5,False,numeric,,,numeric,,"All’inizio del prossimo turno, ripristina tutta la fede di un santo a tua scelta."
NEU_meditazione,Meditazione,Neutre,NEU-1,Benedizione,5,5,False,numeric,,,numeric,,Pesca 3 carte.
NEU_muraglia,Muraglia,Neutre,NEU-1,Maledizione,6,6,False,numeric,,,numeric,,Annulla il primo attacco che ricevi in questo turno.
NEU_pozione_celestiale,Pozione Celestiale ,Neutre,NEU-1,Benedizione,7,7,False,numeric,,,numeric,,Cura un santo fino a riportare la sua fede al valore iniziale.
NEU_pozione_perdi_tempo,Pozione Perdi-tempo,Neutre,NEU-1,Maledizione,4,4,False,numeric,,,numeric,,Scegli un santo come bersaglio: non può attaccare nel suo prossimo turno.
NEU_ricerca_archeologica,Ricerca Archeologica,Neutre,NEU-1,Benedizione,6,6,False,numeric,,,numeric,,Cerca un artefatto nel tuo reliquiario e aggiungilo alla tua mano.
NEU_rinforzi,Rinforzi,Neutre,NEU-1,Benedizione,3,3,False,numeric,,,numeric,,Sostituisci un tuo santo attivo con uno in posizione di difesa.
NEU_ritorno_catastrofico,Ritorno Catastrofico,Neutre,NEU-1,Benedizione,5,5,False,numeric,,,numeric,,Scegli un santo sul tuo terreno. Rimandalo nella mano del suo proprietario.
NEU_ritorno_infame,Ritorno Infame,Neutre,NEU-1,Maledizione,5,5,False,numeric,,,numeric,,Evoca un santo dal tuo cimitero con 7 croci o meno. Quel santo non può attaccare.
NEU_seguace,Seguace,Neutre,NEU-1,Santo,4,4,False,numeric,5,5,numeric,2,"Quando questa carta viene distrutta in battaglia o mandata dal terreno al cimitero, pesca una carta."
NEU_vilipendio,Vilipendio,Neutre,NEU-1,Maledizione,9,9,False,numeric,,,numeric,,Questa carta può essere giocata solo se il peccato del giocatore avversario è uguale o inferiore a 50. Il giocatore avversario ottiene +15 peccato.
NEU_visioni_errate,Visioni Errate,Neutre,NEU-1,Benedizione,2,2,False,numeric,,,numeric,,Guarda la carta in fondo al tuo reliquiario. Puoi spostarla in cima o lasciarla in fondo.
